Brand,Model,Variant,Year,Milage,Manual_Automatic,Price_rating,Price
Honda,,,,,,No Rating,
Honda,,,,,,Great Price,
Honda,,,,,,Fair Price,
Honda,Honda Amaze,1.2 Trend,2024,40 845,Manual,Great Price,R 194 500
Honda,Honda HR-V,1.8 Elegance,2021,131 000,Automatic,Great Price,R 269 900
Honda,ined,,unde,,,,
Honda,Honda HR-V,1.8 Elegance,2016,152 111,Automatic,Great Price,R 189 995
Honda,Honda CR-V,2.2i-DTEC Elegance AWD Auto,2013,211 100,Automatic,No Rating,R 149 900
Honda,Honda Amaze,1.2 Comfort Auto,2024,44 500,Automatic,Great Price,R 204 900
Honda,Honda Amaze,1.2 Trend,2024,42 112,Manual,Great Price,R 194 900
Honda,Honda HR-V,1.5 Comfort,2019,75 000,Automatic,Fair Price,R 249 900
Honda,Honda Civic,Sedan 1.8 Elegance,2017,259 700,Automatic,Great Price,R 129 900
Honda,Honda HR-V,1.8 Elegance,2016,112 000,Automatic,Great Price,R 199 990
Honda,Honda Amaze,1.2 Comfort Auto,2024,42 757,Automatic,Great Price,R 208 500
Honda,,,,,,Fair Price,
Honda,,,,,,No Rating,
Honda,,,,,,Great Price,
Honda,Honda WR-V,1.2 Elegance,2023,42 500,Manual,Great Price,R 219 895
Honda,Honda CR-V,2.0 Comfort,2020,56 953,Automatic,Great Price,R 319 990
Honda,Honda Amaze,1.2 Comfort Auto,2024,43 100,Automatic,Fair Price,R 219 900
Honda,Honda Amaze,1.2 Trend,2026,10 000,Manual,Fair Price,R 239 899
Honda,Honda Jazz,1.3 Trend,2013,158 000,Manual,Fair Price,R 114 999
Honda,Honda CR-V,1.5T Executive AWD,2018,135 000,Automatic,No Rating,R 299 000
Honda,Honda HR-V,1.8 Elegance,2018,96 000,Automatic,Great Price,R 219 000
Honda,Honda Amaze,1.2 Trend,2025,40 000,Manual,Great Price,R 209 900
Honda,Honda Civic,Type R,2019,63 000,Manual,No Rating,R 699 900
Honda,Honda Amaze,1.2 Comfort Auto,2024,46 000,Automatic,Great Price,R 209 900
Honda,Honda Amaze,1.2 Comfort Auto,2024,46 000,Automatic,Great Price,R 209 900
Honda,Honda Amaze,1.2 Trend,2024,44 115,Manual,Fair Price,R 199 900
Honda,Honda BR-V,1.5 Trend,2023,25 132,Manual,No Rating,R 279 800
Honda,Honda Jazz,1.5 Elegance Auto,2021,88 400,Automatic,High Price,R 259 900
Honda,Honda Fit,1.5 Comfort,2026,105,Automatic,Fair Price,R 329 900
Honda,,,,,,Fair Price,
Honda,,,,,,Fair Price,
Honda,,,,,,High Price,
Honda,Honda BR-V,1.5 Elegance Auto,2021,76 000,Automatic,Great Price,R 264 888
Honda,Honda Amaze,1.2 Trend,2026,7 500,Manual,Low Price,R 214 900
Honda,Honda Jazz,1.5 Elegance Auto,2021,29 502,Automatic,Fair Price,R 259 950
Honda,Honda Amaze,1.2 Trend,2024,51 363,Manual,Fair Price,R 209 900
Honda,Honda HR-V,1.8 Elegance,2019,84 000,Automatic,Great Price,R 239 900
Honda,Honda Ballade,1.5 Elegance Auto,2017,333 000,Automatic,No Rating,R 119 950
Honda,Honda Amaze,1.2 Comfort Auto,2024,47 332,Automatic,Fair Price,R 214 900
Honda,Honda Ballade,1.5 Trend Auto,2017,213 000,Automatic,No Rating,R 129 900
Honda,ined,,unde,,,,
Honda,Honda Amaze,1.2 Comfort Auto,2026,101,Automatic,Great Price,R 274 800
Honda,Honda CR-V,2.0 Elegance,2019,121 000,Automatic,Great Price,R 279 900
Honda,,,,,,No Rating,
Honda,,,,,,No Rating,
Honda,,,,,,No Rating,
Honda,Honda WR-V,1.2 Elegance,2023,33 881,Manual,Great Price,R 219 950
Honda,Honda Elevate,1.5 Elegance,2026,50,Automatic,Fair Price,R 384 900
Honda,Honda Amaze,1.2 Trend,2025,101,Manual,Great Price,R 229 800
Honda,Honda Fit,1.5 Comfort,2026,101,Automatic,Great Price,R 309 800
Honda,Honda Elevate,1.5 Elegance,2026,50,Automatic,Fair Price,R 384 900
Honda,Honda BR-V,1.5 Elegance Auto,2020,151 200,Automatic,Fair Price,R 229 950
Honda,Honda Jazz,1.5 Sport,2018,44 100,Automatic,Fair Price,R 229 900
Honda,Honda Fit,1.5 Comfort,2026,50,Automatic,Fair Price,R 329 900
Honda,Honda Amaze,1.2 Trend,2026,7 887,Manual,Low Price,R 209 700
Honda,Honda HR-V,1.5 Elegance,2026,101,Automatic,Great Price,R 479 800
Honda,Honda Brio,Hatch 1.2 Comfort Auto,2019,82 000,Automatic,High Price,R 179 800
Honda,Honda Fit,1.5 Comfort,2026,50,Automatic,Great Price,R 319 900
Honda,Honda Fit,1.5 Comfort,2026,50,Automatic,Great Price,R 319 900
Honda,Honda Civic,Sedan 1.8 Elegance,2021,100 000,Automatic,No Rating,R 279 995
Honda,Honda Civic,Sedan 1.5T RS,2024,34 505,Automatic,Fair Price,R 489 895
Honda,,,,,,Fair Price,
Honda,,,,,,Great Price,
Honda,,,,,,No Rating,
Honda,Honda Fit,1.5 Comfort,2022,75 000,Automatic,Fair Price,R 228 888
Honda,Honda Fit,1.5 Elegance,2022,21 500,Automatic,Fair Price,R 274 900
Honda,Honda Ballade,1.5 Elegance,2021,173 500,Automatic,No Rating,R 209 995
Honda,Honda Jazz,1.5 Elegance Auto,2019,76 000,Automatic,Great Price,R 193 000
Honda,ined,,unde,,,,
Honda,Honda Amaze,1.2 Trend,2024,28 000,Manual,Great Price,R 189 900
Honda,Honda Amaze,1.2 Comfort Auto,2024,47 000,Automatic,Great Price,R 199 900
Honda,Honda HR-V,1.8 Elegance,2016,156 200,Automatic,Fair Price,R 209 900
Honda,Honda Civic,Type R,2025,7 586,Manual,Fair Price,R 869 000
Honda,Honda WR-V,1.2 Comfort,2022,39 403,Manual,Great Price,R 194 900
Honda,Honda Amaze,1.2 Comfort Auto,2026,805,Automatic,Great Price,R 269 900
Honda,,,,,,Great Price,
Honda,,,,,,Great Price,
Honda,,,,,,Great Price,
Honda,Honda Amaze,1.2 Comfort Auto,2023,31 626,Automatic,Great Price,R 194 900
Honda,Honda Elevate,1.5 Elegance,2026,250,Automatic,Fair Price,R 379 500
Honda,Honda Amaze,1.2 Comfort Auto,2024,45 654,Automatic,Fair Price,R 214 900
Honda,Honda Amaze,1.2 Comfort,2024,46 859,Manual,Fair Price,R 219 995
Honda,Honda WR-V,1.2 Elegance,2023,216,Manual,Great Price,R 259 900
Honda,Honda Fit,1.5 Hybrid E.hev,2026,101,Automatic,Great Price,R 429 800
Honda,Honda Amaze,1.2 Comfort,2024,50 200,Manual,Fair Price,R 219 900
Honda,Honda Amaze,1.2 Trend,2026,1 000,Manual,Great Price,R 239 900
Honda,Honda Amaze,1.2 Trend,2026,50,Manual,Great Price,R 244 900
Honda,Honda HR-V,1.5 Elegance,2026,50,Automatic,Great Price,R 489 900
Honda,Honda Brio,Hatch 1.2 Comfort Auto,2016,69 385,Automatic,Fair Price,R 139 900
Honda,Honda Ballade,1.5 Executive Auto,2018,25 538,Automatic,No Rating,R 189 995
Honda,Honda Elevate,1.5 Comfort,2026,101,Manual,Fair Price,R 319 800
Honda,Honda HR-V,1.5 Comfort,2023,48 800,Automatic,Great Price,R 299 890
Honda,Honda BR-V,1.5 Trend,2019,86 354,Manual,No Rating,R 95 000
Honda,,,,,,Fair Price,
Honda,,,,,,Great Price,
Honda,,,,,,Fair Price,
Honda,Honda Fit,1.5 Elegance,2023,50 000,Automatic,Fair Price,R 292 000
Honda,Honda Amaze,1.2 Comfort Auto,2026,Automa,Petrol,No Rating,R 274 900
Honda,Honda Jazz,1.5 Sport,2020,22 000,Automatic,Great Price,R 239 990
Honda,Honda Ballade,1.5 Elegance,2021,173 500,Automatic,No Rating,R 209 995
Honda,Honda Elevate,1.5 Elegance,2026,Automa,Petrol,No Rating,R 369 900
Honda,Honda Fit,1.5 Elegance,2024,9 352,Automatic,Fair Price,R 299 900
Honda,Honda Amaze,1.2 Trend,2026,Man,Petrol,No Rating,R 237 900
Honda,Honda Civic,Sedan 1.5T RS,2023,31 375,Automatic,Fair Price,R 449 900
Honda,Honda Amaze,1.2 Comfort Auto,2022,106 000,Automatic,Great Price,R 169 990
Honda,ined,,unde,,,,
Honda,Honda Amaze,1.2 Comfort Auto,2026,5 200,Automatic,Great Price,R 249 500
Honda,,,,,,Fair Price,
Honda,,,,,,Fair Price,
Honda,,,,,,Fair Price,
Honda,Honda Jazz,1.5 Sport,2021,37 000,Automatic,Fair Price,R 279 000
Honda,Honda Fit,1.5 Hybrid E.hev,2026,50,Automatic,High Price,R 519 900
Honda,Honda Brio,Hatch 1.2 Comfort,2019,43 000,Manual,Fair Price,R 154 995
Honda,Honda Fit,1.5 Comfort,2026,Automa,Petrol,No Rating,R 319 900
Honda,Honda Amaze,1.2 Comfort Auto,2025,12 000,Automatic,Great Price,R 236 900
Honda,Honda BR-V,1.5 Comfort Auto,2021,43 417,Automatic,Fair Price,R 249 995
Honda,Honda Civic,Sedan 1.5T RS,2026,Automa,Petrol,No Rating,R 579 900
Honda,Honda Amaze,1.2 Comfort,2024,49 000,Manual,Fair Price,R 219 500
Honda,Honda Amaze,1.2 Trend,2026,Man,Petrol,No Rating,R 237 900
Honda,Honda Fit,1.5 Elegance,2026,Automa,Petrol,No Rating,R 339 900
Honda,Honda HR-V,1.5 Elegance,2026,Automa,Petrol,No Rating,R 539 900
Honda,Honda Elevate,1.5 Elegance,2026,Automa,Petrol,No Rating,R 374 900
Honda,Honda BR-V,1.5 Elegance Auto,2019,78 000,Automatic,Fair Price,R 227 900
Honda,Honda Amaze,1.2 Trend,2026,50,Manual,Great Price,R 239 900
Honda,Honda Civic,Sedan 1.5T RS,2023,88 394,Automatic,Fair Price,R 409 900
Honda,,,,,,No Rating,
Honda,,,,,,Great Price,
Honda,,,,,,Fair Price,
Honda,Honda Fit,1.5 Comfort,2026,Automa,Petrol,No Rating,R 319 900
Honda,Honda Amaze,1.2 Comfort Auto,2025,12 000,Automatic,Great Price,R 236 900
Honda,ined,,unde,,,,
Honda,Honda BR-V,1.5 Comfort Auto,2021,43 417,Automatic,Fair Price,R 249 995
Honda,Honda Civic,Sedan 1.5T RS,2026,Automa,Petrol,No Rating,R 579 900
Honda,Honda Amaze,1.2 Comfort,2024,49 000,Manual,Fair Price,R 219 500
Honda,Honda Accord,2.0 Elegance,2016,170 000,Automatic,No Rating,R 169 900
Honda,Honda Amaze,1.2 Trend,2026,Man,Petrol,No Rating,R 237 900
Honda,Honda Fit,1.5 Elegance,2026,Automa,Petrol,No Rating,R 339 900
Honda,Honda HR-V,1.5 Elegance,2026,Automa,Petrol,No Rating,R 539 900
Honda,Honda Elevate,1.5 Elegance,2026,Automa,Petrol,No Rating,R 374 900
Honda,,,,,,Fair Price,
Honda,,,,,,High Price,
Honda,,,,,,Great Price,
Honda,Honda BR-V,1.5 Elegance Auto,2019,78 000,Automatic,Fair Price,R 227 900
Honda,Honda Amaze,1.2 Trend,2026,50,Manual,Great Price,R 239 900
Honda,Honda Civic,Sedan 1.5T RS,2023,88 394,Automatic,Fair Price,R 409 900
Honda,Honda CR-V,1.5T Executive,2023,72 500,Automatic,No Rating,R 459 500
Honda,Honda Elevate,1.5 Elegance,2026,2 000,Automatic,Great Price,R 364 900
Honda,Honda WR-V,1.2 Comfort,2023,55 500,Manual,Fair Price,R 209 950
Honda,Honda BR-V,1.5 Elegance,2024,32 950,Automatic,Fair Price,R 359 900
Honda,Honda Jazz,1.2 Comfort,2017,88 200,Manual,Fair Price,R 149 900
Honda,Honda Fit,1.5 Hybrid E.hev,2026,Automa,Hybrid,No Rating,R 544 900
Honda,Honda Amaze,1.2 Comfort,2024,16 000,Manual,Fair Price,R 209 999
Honda,Honda Brio,Hatch 1.2 Comfort Auto,2019,82 500,Automatic,High Price,R 179 700
Honda,Honda Amaze,1.2 Comfort Auto,2026,2 500,Automatic,Fair Price,R 279 900
Honda,Honda Ballade,1.5 Comfort,2022,79 811,Automatic,Fair Price,R 209 900
Honda,Honda Brio,Hatch 1.2 Comfort Auto,2015,59 000,Automatic,Fair Price,R 148 990
Honda,Honda Elevate,1.5 Elegance,2026,Automa,Petrol,No Rating,R 374 900
Honda,,,,,,High Price,
Honda,,,,,,Great Price,
Honda,,,,,,Fair Price,
Honda,Honda Elevate,1.5 Elegance,2026,Automa,Petrol,No Rating,R 374 900
Honda,Honda Amaze,1.2 Comfort Auto,2026,Automa,Petrol,No Rating,R 274 900
Honda,Honda Amaze,1.2 Trend,2026,Man,Petrol,No Rating,R 237 900
Honda,Honda HR-V,1.5 Elegance,2026,50,Automatic,Great Price,R 489 900
Honda,Honda Amaze,1.2 Trend,2026,100,Manual,High Price,R 279 995
Honda,ined,,unde,,,,
Honda,Honda Elevate,1.5 Elegance,2026,Automa,Petrol,No Rating,R 374 900
Honda,Honda Amaze,1.2 Comfort Auto,2026,Automa,Petrol,No Rating,R 289 700
Honda,Honda BR-V,1.5 Elegance,2023,43 500,Automatic,High Price,R 354 900
Honda,Honda Amaze,1.2 Comfort Auto,2026,350,Automatic,Fair Price,R 294 500
Honda,Honda Brio,Hatch 1.2 Comfort,2015,84 000,Manual,Fair Price,R 119 900
Honda,,,,,,Great Price,
Honda,,,,,,Great Price,
Honda,,,,,,Great Price,
Honda,Honda Elevate,1.5 Elegance,2025,15 000,Automatic,Fair Price,R 354 900
Honda,Honda Amaze,1.2 Trend,2026,5 247,Manual,High Price,R 252 900
Honda,Honda Jazz,1.5 Elegance Auto,2020,91 194,Automatic,Fair Price,R 219 950
Honda,Honda Fit,1.5 Comfort,2026,50,Automatic,Great Price,R 304 900
Honda,Honda Amaze,1.2 Comfort Auto,2021,52 032,Automatic,Great Price,R 179 990
Honda,Honda Elevate,1.5 Comfort,2024,37 890,Manual,Great Price,R 277 500
Honda,Honda Fit,1.5 Comfort,2021,106 216,Automatic,Fair Price,R 209 999
Honda,Honda Amaze,1.2 Comfort Manual,2026,1 000,Manual,No Rating,R 259 900
Honda,Honda Amaze,1.2 Comfort Auto,2024,41 000,Automatic,Fair Price,R 229 900
Honda,Honda HR-V,1.8 Elegance,2017,91 000,Automatic,Great Price,R 219 990
Honda,Honda Fit,1.5 Comfort,2024,14 000,Automatic,Fair Price,R 279 900
Honda,Honda Ballade,1.5 Trend Auto,2018,108 000,Automatic,Fair Price,R 162 995
Honda,Honda Civic,Type R,2020,46 000,Manual,No Rating,R 649 900
Honda,Honda Amaze,1.2 Trend,2025,6 950,Manual,Fair Price,R 224 900
Honda,Honda WR-V,1.2 Elegance,2022,63 085,Manual,Fair Price,R 209 900
Honda,,,,,,No Rating,
Honda,,,,,,No Rating,
Honda,,,,,,Fair Price,
Honda,Honda BR-V,1.5 Comfort Auto,2020,83 000,Automatic,High Price,R 269 950
Honda,Honda Amaze,1.2 Comfort Auto,2021,62 000,Automatic,Fair Price,R 199 900
Honda,Honda BR-V,1.5 Comfort Auto,2022,84 500,Automatic,Fair Price,R 259 900
Honda,Honda Amaze,1.2 Comfort Manual,2025,101,Manual,No Rating,R 219 800
Honda,Honda HR-V,1.8 Elegance,2016,136 000,Automatic,Fair Price,R 204 900
Honda,Honda Jazz,1.5 Elegance Auto,2018,58 500,Automatic,Great Price,R 188 500
Honda,Honda Fit,1.5 Comfort,2026,450,Automatic,Great Price,R 314 900
Honda,Honda Fit,1.5 Comfort,2026,150,Automatic,Great Price,R 314 900
Honda,Honda Amaze,1.2 Trend,2026,150,Manual,Great Price,R 239 800
Honda,Honda Fit,1.5 Hybrid E.hev,2025,27 180,Automatic,Fair Price,R 389 900
Honda,,,,,,No Rating,
Honda,,,,,,No Rating,
Honda,,,,,,No Rating,
Honda,Honda CR-V,2.0 Comfort,2020,119 000,Automatic,Fair Price,R 319 900
Honda,Honda Amaze,1.2 Comfort Auto,2026,350,Automatic,Fair Price,R 294 500
Honda,ined,,unde,,,,
Honda,Honda Amaze,1.2 Comfort Auto,2024,45 452,Automatic,Great Price,R 204 990
Honda,Honda HR-V,1.5 Elegance,2026,495,Automatic,Fair Price,R 509 900
Honda,Honda HR-V,1.8 Elegance,2016,149 296,Automatic,Fair Price,R 209 950
Honda,Honda Amaze,1.2 Comfort Auto,2020,172 380,Automatic,Fair Price,R 149 990
Honda,Honda Amaze,1.2 Comfort Auto,2024,39 000,Automatic,Fair Price,R 239 900
Honda,Honda Jazz,1.2 Comfort,2020,28 000,Manual,Fair Price,R 229 900
Honda,Honda Amaze,1.2 Comfort Auto,2024,40 205,Automatic,Fair Price,R 219 950
Honda,Honda CR-Z,Hybrid,2016,119 000,Manual,No Rating,R 225 000
Honda,Honda CR-V,2.0 Elegance,2015,180 000,Manual,No Rating,R 189 000
Honda,Honda Elevate,1.5 Elegance,2025,200,Automatic,Great Price,R 369 500
Honda,Honda Fit,1.5 Comfort,2026,50,Automatic,Fair Price,R 328 900
Honda,Honda Brio,Hatch 1.2 Comfort,2017,95 389,Manual,Fair Price,R 119 990
Honda,Honda HR-V,1.5 Elegance,2026,150,Automatic,Great Price,R 489 900
Honda,,,,,,Fair Price,
Honda,,,,,,No Rating,
Honda,,,,,,Fair Price,
Honda,Honda Ballade,1.5 Comfort,2021,71 000,Automatic,Fair Price,R 219 950
Honda,Honda CR-V,2.0 Elegance,2021,31 620,Automatic,No Rating,R 409 900
Honda,Honda Fit,1.5 Comfort,2026,50,Automatic,Great Price,R 317 900
Honda,Honda Amaze,1.2 Comfort Auto,2026,11 765,Automatic,Low Price,R 229 700
Honda,Honda Amaze,1.2 Comfort Auto,2026,150,Automatic,Great Price,R 273 500
Honda,Honda Ballade,1.5 RS,2024,43 000,Automatic,Fair Price,R 329 990
Honda,ined,,unde,,,,
Honda,Honda CR-V,2.0 Elegance Auto,2016,165 000,Automatic,Great Price,R 199 950
Honda,Honda Amaze,1.2 Comfort Auto,2024,43 617,Automatic,Fair Price,R 229 900
Honda,Honda BR-V,1.5 Comfort Auto,2024,113 390,Automatic,Fair Price,R 309 900
Honda,Honda Elevate,1.5 Comfort,2026,50,Manual,Fair Price,R 329 900
Honda,,,,,,Fair Price,
Honda,,,,,,High Price,
Honda,,,,,,Fair Price,
Honda,Honda Jazz,1.5 Dynamic Auto,2017,92 000,Automatic,No Rating,R 209 995
Honda,Honda Amaze,1.2 Trend,2021,19 000,Manual,Fair Price,R 179 500
Honda,Honda Civic,Type R,2016,90 000,Manual,No Rating,R 439 000
Honda,Honda Brio,Hatch 1.2 Comfort,2015,124 000,Manual,Fair Price,R 109 900
Honda,Honda WR-V,1.2 Elegance,2023,11 919,Manual,High Price,R 279 900
Honda,Honda Amaze,1.2 Trend,2025,9 950,Manual,Fair Price,R 224 900
Honda,Honda Amaze,1.2 Trend,2025,40 167,Manual,High Price,R 239 950
Honda,Honda Elevate,1.5 Elegance,2026,50,Automatic,Great Price,R 373 800
Honda,Honda Fit,1.5 Comfort,2024,12 000,Automatic,Great Price,R 249 900
Honda,Honda Amaze,1.2 Trend,2026,92,Manual,Fair Price,R 249 800
Honda,Honda Brio,Hatch 1.2 Comfort Auto,2018,36 000,Automatic,Fair Price,R 169 900
Honda,Honda Accord,2.4 Executive,2016,80 154,Automatic,No Rating,R 279 000
Honda,Honda Elevate,1.5 Elegance,2026,50,Automatic,Great Price,R 374 800
Honda,Honda Amaze,1.2 Comfort Auto,2024,44 180,Automatic,Great Price,R 204 990
Honda,Honda WR-V,1.2 Elegance,2022,118 000,Manual,Fair Price,R 209 900
Honda,,,,,,No Rating,
Honda,,,,,,Fair Price,
Honda,,,,,,High Price,
Honda,Honda HR-V,1.5 Comfort,2024,48 556,Automatic,Fair Price,R 349 900
Honda,Honda Fit,1.5 Comfort,2026,50,Automatic,Fair Price,R 329 900
Honda,Honda Civic,Sedan 1.8 Elegance,2021,55 000,Automatic,No Rating,R 334 900
Honda,Honda Amaze,1.2 Trend,2025,6 950,Manual,Fair Price,R 224 900
Honda,ined,,unde,,,,
Honda,Honda Brio,Amaze Sedan 1.2 Comfort Auto,2015,120 000,Automatic,No Rating,R 139 900
Honda,Honda HR-V,1.8 Elegance,2019,129 000,Automatic,Fair Price,R 249 900
Honda,Honda Jazz,1.2 Comfort Auto,2018,68 000,Automatic,Fair Price,R 179 995
Honda,Honda Elevate,1.5 Elegance,2025,500,Automatic,Great Price,R 369 800
Honda,Honda HR-V,1.5 Comfort,2020,48 400,Automatic,Fair Price,R 264 900
Honda,Honda WR-V,1.2 Elegance,2023,59 000,Manual,High Price,R 257 125
Honda,,,,,,Low Price,
Honda,,,,,,Low Price,
Honda,,,,,,Low Price,
Honda,Honda Amaze,1.2 Comfort Auto,2024,38 000,Automatic,Fair Price,R 239 900
Honda,Honda CR-V,2.0 Comfort,2019,195 000,Automatic,Great Price,R 204 500
Honda,Honda Elevate,1.5 Comfort,2025,8 850,Manual,High Price,R 329 900
Honda,Honda WR-V,1.2 Comfort,2021,30 785,Manual,Fair Price,R 209 990
Honda,Honda Brio,Amaze Sedan 1.2 Comfort,2018,252 000,Manual,No Rating,R 94 900
Honda,Honda Fit,1.5 Comfort,2026,3 150,Automatic,Fair Price,R 314 900
Honda,Honda WR-V,1.2 Comfort,2023,500,Manual,Fair Price,R 278 300
Honda,Honda Fit,1.5 Elegance,2023,84 000,Automatic,Great Price,R 249 890
Honda,Honda Elevate,1.5 Elegance,2026,Automa,Petrol,No Rating,R 379 900
Honda,Honda Amaze,1.2 Trend,2026,Man,Petrol,No Rating,R 236 900
Honda,Honda Amaze,1.2 Trend,2026,88,Manual,Fair Price,R 254 800
Honda,Honda Jazz,1.5 Sport,2019,97 531,Automatic,Fair Price,R 229 990
Honda,Honda Elevate,1.5 Elegance,2026,50,Automatic,Fair Price,R 379 900
Honda,Honda Ballade,1.5 Elegance,2015,179 279,Manual,No Rating,R 139 900
Honda,Honda HR-V,1.5 Comfort,2016,148 000,Automatic,Fair Price,R 179 900
Honda,,,,,,Fair Price,
Honda,,,,,,High Price,
Honda,,,,,,Fair Price,
Honda,Honda Amaze,1.2 Trend,2025,6 950,Manual,Fair Price,R 224 900
Honda,Honda Amaze,1.2 Comfort Auto,2026,20,Automatic,Great Price,R 273 900
Honda,Honda Jazz,1.5 Elegance Auto,2019,61 000,Automatic,High Price,R 229 900
Honda,Honda Fit,1.5 Elegance,2024,14 000,Automatic,Low Price,R 288 900
Honda,Honda WR-V,1.2 Elegance,2023,400,Manual,Fair Price,R 287 400
Honda,ined,,unde,,,,
Honda,Honda Amaze,1.2 Comfort Auto,2026,50,Automatic,Fair Price,R 284 900
Honda,Honda Amaze,1.2 Trend,2026,50,Manual,Fair Price,R 249 900
Honda,Honda Amaze,1.2 Comfort Auto,2024,45 621,Automatic,High Price,R 249 950
Honda,Honda HR-V,1.8 Elegance,2021,91 359,Automatic,Fair Price,R 310 000
Honda,Honda Elevate,1.5 Elegance,2025,10 000,Automatic,Fair Price,R 364 900
Honda,,,,,,Fair Price,
Honda,,,,,,Fair Price,
Honda,,,,,,Great Price,
Honda,Honda Ballade,1.5 RS,2024,69 913,Automatic,No Rating,R 309 900
Honda,Honda WR-V,1.2 Elegance,2024,43 456,Manual,Fair Price,R 249 900
Honda,Honda Fit,1.5 Hybrid E.hev,2025,30 000,Automatic,Fair Price,R 394 995
Honda,Honda Fit,1.5 Elegance,2026,5 950,Automatic,Fair Price,R 339 900
Honda,Honda Jazz,1.2 Comfort,2020,105 000,Manual,Fair Price,R 174 900
Honda,Honda HR-V,1.8 Elegance,2017,110 500,Automatic,High Price,R 239 999
Honda,Honda WR-V,1.2 Elegance,2021,66 955,Manual,Fair Price,R 219 900
Honda,Honda Ballade,1.5 RS,2024,34 000,Automatic,Fair Price,R 319 900
Honda,Honda Fit,1.5 Elegance,2025,9 200,Automatic,Fair Price,R 329 500
Honda,Honda Fit,1.5 Elegance,2025,9 250,Automatic,Fair Price,R 349 900
Honda,Honda Elevate,1.5 Elegance,2026,50,Automatic,Fair Price,R 384 900
Honda,Honda WR-V,1.2 Elegance,2021,68 300,Manual,Fair Price,R 219 900
Honda,Honda HR-V,1.5 Comfort,2020,88 450,Automatic,Fair Price,R 265 900
Honda,Honda BR-V,1.5 Elegance Auto,2019,93 000,Automatic,Fair Price,R 249 900
Honda,Honda WR-V,1.2 Elegance,2023,30 900,Manual,Great Price,R 219 900
Honda,,,,,,Fair Price,
Honda,,,,,,Fair Price,
Honda,,,,,,Fair Price,
Honda,Honda HR-V,1.5 Elegance,2026,50,Automatic,Fair Price,R 499 900
Honda,Honda Elevate,1.5 Elegance,2026,4 000,Automatic,Fair Price,R 379 900
Honda,Honda Civic,Type R,2023,48 500,Manual,Fair Price,R 669 500
Honda,Honda BR-V,1.5 Elegance Auto,2021,127 500,Automatic,Low Price,R 229 950
Honda,Honda HR-V,1.8 Elegance,2019,64 257,Automatic,Great Price,R 249 900
Honda,ined,,unde,,,,
Honda,Honda Jazz,1.5 Elegance Auto,2019,50 000,Automatic,Fair Price,R 219 900
Honda,Honda Elevate,1.5 Elegance,2025,10 550,Automatic,Fair Price,R 359 900
Honda,Honda Fit,Hybrid,2022,39 000,Automatic,No Rating,R 289 990
Honda,Honda Brio,Hatch 1.2 Comfort,2018,147 000,Manual,Fair Price,R 139 950
Honda,Honda CR-V,1.5T Exclusive AWD,2021,130 000,Automatic,No Rating,R 379 000
Honda,,,,,,Great Price,
Honda,,,,,,Low Price,
Honda,,,,,,Low Price,
Honda,Honda WR-V,1.2 Elegance,2024,50 000,Manual,Fair Price,R 254 900
Honda,Honda Amaze,1.2 Trend,2024,19 000,Manual,Fair Price,R 213 500
Honda,Honda Civic,1.6 Executive Auto,2016,174 000,Automatic,No Rating,R 149 950
Honda,Honda Fit,1.5 Comfort,2026,2 000,Automatic,Fair Price,R 329 900
Honda,Honda Elevate,1.5 Elegance,2026,150,Automatic,Fair Price,R 379 900
Honda,Honda Fit,1.5 Comfort,2026,50,Automatic,Fair Price,R 329 900
Honda,Honda CR-V,2.0 Comfort Auto,2017,181 000,Automatic,Fair Price,R 196 500
Honda,Honda Jazz,1.2 Trend,2016,198 000,Manual,Fair Price,R 144 950
Honda,Honda Fit,1.5 Elegance,2026,100,Automatic,Fair Price,R 349 900
Honda,Honda Fit,1.5 Comfort,2026,6 000,Automatic,Fair Price,R 319 900
Honda,Honda HR-V,1.5 Elegance,2026,1 000,Automatic,Fair Price,R 509 900
Honda,Honda HR-V,1.5 Elegance,2026,Automa,Petrol,No Rating,R 489 700
Honda,Honda Amaze,1.2 Trend,2026,Man,Petrol,No Rating,R 244 700
Honda,Honda Jazz,1.5 Elegance,2021,81 500,Manual,Fair Price,R 199 900
Honda,Honda Amaze,1.2 Comfort Auto,2022,65 900,Automatic,Fair Price,R 199 900
Honda,,,,,,Fair Price,
Honda,,,,,,High Price,
Honda,,,,,,Fair Price,
Honda,Honda Fit,1.5 Executive,2022,23 000,Automatic,Fair Price,R 294 900
Honda,Honda Elevate,1.5 Elegance,2026,7 950,Automatic,Fair Price,R 368 800
Honda,Honda BR-V,1.5 Comfort,2019,117 000,Manual,Fair Price,R 199 900
Honda,Honda Jazz,1.2 Comfort Auto,2018,91 770,Automatic,Fair Price,R 169 900
Honda,Honda BR-V,1.5 Comfort Auto,2020,97 294,Automatic,Fair Price,R 229 990
Honda,Honda CR-V,1.5T Exclusive,2026,100,Automatic,No Rating,R 959 000
Honda,Honda Fit,1.5 Comfort,2026,50,Automatic,Fair Price,R 329 900
Honda,Honda Fit,1.5 Comfort,2026,50,Automatic,Fair Price,R 329 900
Honda,Honda BR-V,1.5 Comfort,2018,156 000,Manual,High Price,R 219 000
Honda,Honda HR-V,1.8 Elegance,2017,90 738,Automatic,Fair Price,R 229 999
Honda,,,,,,Fair Price,
Honda,,,,,,Great Price,
Honda,,,,,,High Price,
Honda,Honda BR-V,1.5 Comfort Auto,2024,13 000,Automatic,High Price,R 399 000
Honda,Honda HR-V,1.5 Comfort,2023,17 800,Automatic,Fair Price,R 363 900
Honda,Honda Elevate,1.5 Elegance,2026,50,Automatic,Fair Price,R 378 000
Honda,Honda Amaze,1.2 Comfort Manual,2026,50,Manual,No Rating,R 274 900
Honda,Honda WR-V,1.2 Comfort,2023,39 654,Manual,High Price,R 249 950
Honda,Honda Amaze,1.2 Trend,2026,Man,Petrol,No Rating,R 246 900
Honda,Honda WR-V,1.2 Comfort,2022,48 600,Manual,Fair Price,R 209 890
Honda,Honda Ballade,1.5 Comfort,2022,86 000,Automatic,Fair Price,R 216 500
Honda,Honda CR-V,2.0 Comfort,2015,134 900,Manual,Fair Price,R 179 899
Honda,Honda Fit,1.5 Elegance,2022,29 123,Automatic,Fair Price,R 269 900
Honda,Honda Elevate,1.5 Elegance,2026,150,Automatic,Fair Price,R 379 900
Honda,ined,,unde,,,,
Honda,Honda Elevate,1.5 Elegance,2026,150,Automatic,Fair Price,R 379 900
Honda,Honda Amaze,1.2 Comfort Auto,2024,40 492,Automatic,High Price,R 249 950
Honda,Honda CR-V,2.0 Comfort,2021,53 500,Automatic,No Rating,R 359 990
Honda,Honda Elevate,1.5 Elegance,2026,2 935,Automatic,Fair Price,R 369 900
Honda,,,,,,Fair Price,
Honda,,,,,,Fair Price,
Honda,,,,,,Fair Price,
Honda,Honda CR-V,2.0 Elegance,2022,42 000,Automatic,No Rating,R 499 000
Honda,Honda Elevate,1.5 Elegance,2026,7 200,Automatic,Fair Price,R 369 900
Honda,Honda Civic,Sedan 1.8 Elegance,2017,89 450,Automatic,Fair Price,R 219 500
Honda,Honda HR-V,1.5 Elegance,2025,8 950,Automatic,Fair Price,R 469 900
Honda,Honda Fit,1.5 Comfort,2026,Automa,Petrol,No Rating,R 339 700
Honda,Honda Amaze,1.2 Comfort Manual,2025,3 600,Manual,No Rating,R 229 900
Honda,Honda Elevate,1.5 Elegance,2026,500,Automatic,Fair Price,R 384 900
Honda,Honda Elevate,1.5 Elegance,2026,50,Automatic,Fair Price,R 384 900
Honda,Honda Brio,Amaze Sedan 1.2 Comfort Auto,2015,143 000,Automatic,No Rating,R 134 900
Honda,Honda Amaze,1.2 Comfort Auto,2020,121 680,Automatic,Fair Price,R 179 900
Honda,,,,,,No Rating,
Honda,,,,,,No Rating,
Honda,,,,,,No Rating,
Honda,Honda HR-V,1.5 Elegance,2026,Automa,Petrol,No Rating,R 479 900
Honda,Honda WR-V,1.2 Elegance,2021,71 654,Manual,Great Price,R 179 900
Honda,Honda CR-V,2.0 Comfort Auto,2015,203 460,Automatic,No Rating,R 189 900
Honda,Honda HR-V,1.5 Comfort,2022,48 000,Automatic,Fair Price,R 283 500
Honda,Honda Civic,Sedan 1.5T RS,2024,14 500,Automatic,Fair Price,R 504 900
Honda,Honda Fit,1.5 Comfort,2026,8 950,Automatic,Fair Price,R 309 900
Honda,Honda Amaze,1.2 Comfort Auto,2026,50,Automatic,Fair Price,R 289 900
Honda,Honda WR-V,1.2 Comfort,2023,66 000,Manual,Fair Price,R 228 500
Honda,Honda Elevate,1.5 Elegance,2026,100,Automatic,Fair Price,R 379 900
Honda,Honda Amaze,1.2 Comfort Auto,2026,1 500,Automatic,Fair Price,R 279 900
Honda,ined,,unde,,,,
Honda,Honda Fit,1.5 Comfort,2026,100,Automatic,Fair Price,R 329 900
Honda,Honda Brio,Hatch 1.2 Comfort Auto,2018,73 000,Automatic,Great Price,R 134 990
Honda,Honda Fit,1.5 Comfort,2025,6 750,Automatic,Fair Price,R 296 900
Honda,Honda CR-V,2.0 Comfort Auto,2015,136 119,Automatic,High Price,R 229 995
Honda,Honda Amaze,1.2 Trend,2026,50,Manual,Fair Price,R 249 900
Honda,,,,,,High Price,
Honda,,,,,,Great Price,
Honda,,,,,,Fair Price,
Honda,Honda CR-V,2.0 Elegance Auto,2016,135 500,Automatic,Fair Price,R 229 995
Honda,Honda Fit,1.5 Elegance,2026,Automa,Petrol,No Rating,R 359 900
Honda,Honda CR-V,2.0 Elegance,2017,136 363,Automatic,Great Price,R 249 900
Honda,Honda BR-V,1.5 Comfort Auto,2024,46 000,Automatic,Fair Price,R 339 900
Honda,ined,,unde,,,,
Honda,Honda Jazz,1.5 Elegance Auto,2019,35 500,Automatic,Fair Price,R 234 500
Honda,Honda Amaze,1.2 Comfort Auto,2025,11 950,Automatic,Fair Price,R 264 900
Honda,Honda Jazz,1.5 Elegance Auto,2019,114 000,Automatic,Great Price,R 172 500
Honda,Honda Amaze,1.2 Comfort Manual,2026,Man,Petrol,No Rating,R 264 000
Honda,Honda Amaze,1.2 Comfort Manual,2026,Man,Petrol,No Rating,R 264 000
Honda,Honda Elevate,1.5 Elegance,2026,Automa,Petrol,No Rating,R 389 700
Honda,,,,,,Great Price,
Honda,,,,,,Great Price,
Honda,,,,,,Great Price,
Honda,Honda HR-V,1.5 Comfort,2016,160 350,Automatic,Great Price,R 173 500
Honda,Honda BR-V,1.5 Comfort,2018,130 000,Manual,High Price,R 209 500
Honda,Honda Elevate,1.5 Elegance,2026,Automa,Petrol,No Rating,R 389 700
Honda,Honda Elevate,1.5 Elegance,2026,Automa,Petrol,No Rating,R 389 700
Honda,Honda Amaze,1.2 Comfort Auto,2026,Automa,Petrol,No Rating,R 284 000
Honda,Honda Amaze,1.2 Trend,2026,Man,Petrol,No Rating,R 244 000
Honda,Honda Amaze,1.2 Trend,2026,Man,Petrol,No Rating,R 244 000
Honda,Honda Amaze,1.2 Trend,2025,1 500,Manual,High Price,R 254 900
Honda,Honda HR-V,1.8 Elegance,2016,161 960,Automatic,Fair Price,R 209 990
Honda,Honda HR-V,1.8 Elegance,2018,123 800,Automatic,Fair Price,R 219 900
Honda,Honda CR-V,2.0 Comfort,2018,88 000,Automatic,Fair Price,R 274 900
Honda,Honda CR-V,2.0 Comfort,2018,111 600,Automatic,Fair Price,R 294 900
Honda,Honda BR-V,1.5 Comfort Manual,2023,62 500,Manual,High Price,R 296 500
Honda,Honda Elevate,1.5 Comfort,2026,Man,Petrol,No Rating,R 371 000
Honda,Honda WR-V,1.2 Comfort,2021,46 200,Manual,Fair Price,R 199 990
Honda,,,,,,Fair Price,
Honda,,,,,,Fair Price,
Honda,,,,,,No Rating,
Honda,Honda BR-V,1.5 Comfort Auto,2018,110 300,Automatic,High Price,R 229 900
Honda,Honda Elevate,1.5 Comfort,2026,Man,Petrol,No Rating,R 371 000
Honda,Honda WR-V,1.2 Comfort,2023,43 513,Manual,Fair Price,R 239 900
Honda,Honda Jazz,1.5 Sport,2018,44 500,Automatic,High Price,R 254 000
Honda,Honda Elevate,1.5 Elegance,2026,Automa,Petrol,No Rating,R 389 700
Honda,Honda WR-V,1.2 Elegance,2022,11 500,Manual,Fair Price,R 239 900
Honda,Honda HR-V,1.5 Comfort,2020,108 000,Automatic,Fair Price,R 254 500
Honda,Honda BR-V,1.5 Trend,2019,274 000,Manual,No Rating,R 179 900
Honda,Honda CR-V,2.0 Comfort Auto,2015,119 186,Automatic,No Rating,R 199 900
Honda,Honda Elevate,1.5 Elegance,2026,100,Automatic,High Price,R 409 990
Honda,ined,,unde,,,,
Honda,,,,,,Fair Price,
Honda,,,,,,Fair Price,
Honda,,,,,,Fair Price,
Honda,Honda Civic,Sedan 1.5T RS,2025,12 500,Automatic,Fair Price,R 510 900
Honda,Honda Amaze,1.2 Trend,2024,134 000,Manual,Fair Price,R 189 995
Honda,Honda HR-V,1.8 Elegance,2020,41 000,Automatic,High Price,R 339 000
Honda,Honda Ballade,160i DOHC,2018,121 891,Manual,No Rating,R 159 999
Honda,Honda CR-V,2.0 Comfort Auto,2016,117 000,Automatic,Fair Price,R 199 900
Honda,Honda Amaze,1.2 Comfort,2022,14 400,Manual,Fair Price,R 209 900
Honda,Honda Civic,Tourer 1.8 Executive,2015,104 498,Manual,No Rating,R 173 500
Honda,Honda CR-V,2.0 Elegance,2016,217 000,Manual,No Rating,R 279 000
Honda,Honda Amaze,1.2 Trend,2023,71 000,Manual,No Rating,R 129 000
Honda,Honda Brio,Hatch 1.2 Comfort,2019,40 900,Manual,High Price,R 162 900
Honda,Honda Brio,Hatch 1.2 Comfort,2016,61 688,Manual,No Rating,R 115 500
Honda,Honda HR-V,1.8 Elegance,2018,121 000,Automatic,Fair Price,R 209 500
Honda,Honda Ballade,1.5 Elegance,2017,158 500,Manual,Fair Price,R 145 500
Honda,Honda Fit,1.5 Elegance,2022,10 900,Automatic,Fair Price,R 280 500
Honda,Honda CR-V,2.0 Comfort Auto,2015,143 600,Automatic,No Rating,R 219 900
Honda,,,,,,No Rating,
Honda,,,,,,No Rating,
Honda,,,,,,Great Price,
Honda,Honda HR-V,1.5 Comfort,2023,50 000,Automatic,Fair Price,R 334 500
Honda,Honda Brio,Hatch 1.2 Trend,2015,69 080,Manual,No Rating,R 114 950
Honda,Honda Elevate,1.5 Comfort,2025,39 765,Manual,Fair Price,R 309 995
Honda,Honda Jazz,1.3 Trend,2015,148 500,Manual,No Rating,R 105 000
Honda,Honda Jazz,1.2 Trend,2015,72 750,Manual,No Rating,R 159 990
Honda,Honda CR-V,2.0 Elegance,2019,173 425,Automatic,Low Price,R 219 500
Honda,Honda WR-V,1.2 Elegance,2022,82 552,Manual,Fair Price,R 209 900
Honda,Honda Amaze,1.2 Comfort,2020,82 000,Manual,Great Price,R 139 950
Honda,Honda Amaze,1.2 Comfort Auto,2026,Automa,Petrol,No Rating,R 269 800
Honda,Honda BR-V,1.5 Elegance Auto,2018,116 555,Automatic,Fair Price,R 209 990
Honda,,,,,,Fair Price,
Honda,,,,,,High Price,
Honda,,,,,,Great Price,
Honda,Honda Fit,1.5 Hybrid E.hev,2026,Automa,Hybrid,No Rating,R 489 800
Honda,Honda Jazz,1.2 Comfort Auto,2018,62 624,Automatic,Fair Price,R 199 990
Honda,Honda WR-V,1.2 Comfort,2023,45 980,Manual,High Price,R 259 950
Honda,Honda Elevate,1.5 Elegance,2026,1 500,Automatic,Great Price,R 374 900
Honda,Honda Elevate,1.5 Elegance,2026,1 500,Automatic,Great Price,R 374 900
Honda,Honda Elevate,1.5 Elegance,2026,1 500,Automatic,Great Price,R 374 900
Honda,ined,,unde,,,,
Honda,Honda Ballade,1.5 Elegance Auto,2017,141 847,Automatic,No Rating,R 177 800
Honda,Honda Fit,1.5 Comfort,2026,1 500,Automatic,Great Price,R 309 900
Honda,Honda Jazz,1.5 Sport,2019,65 000,Automatic,No Rating,R 210 000
Honda,Honda Civic,Type R,2024,18 105,Manual,Fair Price,R 789 900
Honda,Honda Elevate,1.5 Comfort,2026,1 500,Manual,Fair Price,R 339 900
Honda,Honda Fit,1.5 Elegance,2021,58 000,Automatic,Great Price,R 239 900
Honda,Honda WR-V,1.2 Comfort,2021,123 236,Manual,Great Price,R 175 900
Honda,Honda Fit,1.5 Elegance,2026,1 500,Automatic,Great Price,R 339 900
Honda,Honda Elevate,1.5 Comfort,2026,1 500,Manual,Great Price,R 309 900
Honda,,,,,,Fair Price,
Honda,,,,,,Fair Price,
Honda,,,,,,High Price,
Honda,Honda Amaze,1.2 Comfort Auto,2023,91 514,Automatic,Great Price,R 179 900
Honda,Honda Elevate,1.5 Elegance,2026,1 500,Automatic,High Price,R 389 900
Honda,Honda BR-V,1.5 Elegance Auto,2018,96 000,Automatic,Fair Price,R 219 995
Honda,Honda BR-V,1.5 Comfort,2017,58 192,Manual,Fair Price,R 209 900
Honda,Honda Fit,1.5 Comfort,2026,23,Automatic,Great Price,R 299 900
Honda,Honda Elevate,1.5 Comfort,2026,1 500,Manual,Fair Price,R 329 900
Honda,Honda Elevate,1.5 Elegance,2026,1 500,Automatic,Great Price,R 374 000
Honda,Honda HR-V,1.8 Elegance,2017,169 718,Automatic,Fair Price,R 199 900
Honda,Honda Fit,1.5 Elegance,2026,1 500,Automatic,Great Price,R 339 900
Honda,Honda Fit,1.5 Elegance,2026,1 500,Automatic,Great Price,R 339 900
Honda,,,,,,Great Price,
Honda,,,,,,Great Price,
Honda,,,,,,Great Price,
Honda,Honda Amaze,1.2 Trend,2026,1 500,Manual,Great Price,R 239 900
Honda,Honda Amaze,1.2 Comfort Auto,2026,286,Automatic,Fair Price,R 294 900
Honda,Honda Amaze,1.2 Trend,2024,40 000,Manual,Fair Price,R 215 900
Honda,Honda Amaze,1.2 Trend,2026,12,Manual,Fair Price,R 249 900
Honda,Honda Amaze,1.2 Comfort Auto,2024,44 000,Automatic,Great Price,R 189 900
Honda,ined,,unde,,,,
Honda,Honda Jazz,1.5 Elegance Auto,2017,77 000,Automatic,Fair Price,R 190 000
Honda,Honda CR-V,2.0 Elegance,2020,112 510,Automatic,Fair Price,R 319 900
Honda,Honda Fit,1.5 Elegance,2025,15 200,Automatic,Great Price,R 309 000
Honda,Honda Fit,1.5 Elegance,2025,8 000,Automatic,Great Price,R 309 900
Honda,Honda BR-V,1.5 Trend,2019,90 787,Manual,No Rating,R 179 900
Honda,Honda Elevate,1.5 Elegance,2026,2 200,Automatic,High Price,R 389 900
Honda,Honda Amaze,1.2 Comfort,2019,82 000,Manual,Low Price,R 105 000
Honda,Honda HR-V,1.5 Elegance,2026,1 500,Automatic,Great Price,R 489 900
Honda,Honda Elevate,1.5 Elegance,2026,1 500,Automatic,High Price,R 399 900
Honda,Honda Amaze,1.2 Trend,2025,41 211,Manual,High Price,R 229 990
Honda,,,,,,No Rating,
Honda,,,,,,No Rating,
Honda,,,,,,No Rating,
Honda,Honda Amaze,1.2 Comfort,2022,32 275,Manual,Fair Price,R 179 900
Honda,Honda HR-V,1.5 Comfort,2021,57 000,Automatic,Fair Price,R 269 990
Honda,Honda Brio,Amaze Sedan 1.2 Comfort Auto,2015,111 000,Automatic,No Rating,R 129 000
Honda,Honda Fit,1.5 Elegance,2026,39 000,Automatic,Fair Price,R 299 900
Honda,Honda HR-V,1.8 Elegance,2020,115 139,Automatic,High Price,R 372 370
Honda,ined,,unde,,,,
Honda,Honda Civic,Sedan 1.5T RS,2022,33 000,Automatic,Fair Price,R 429 900
Honda,Honda Elevate,1.5 Elegance,2026,1 500,Automatic,High Price,R 399 900
Honda,Honda Fit,1.5 Comfort,2026,1 500,Automatic,Fair Price,R 319 900
Honda,Honda Fit,1.5 Elegance,2024,57 805,Automatic,Fair Price,R 289 900
Honda,Honda Amaze,1.2 Comfort Auto,2025,16 601,Automatic,Fair Price,R 239 900
Honda,,,,,,No Rating,
Honda,,,,,,No Rating,
Honda,,,,,,No Rating,
Honda,Honda Amaze,1.2 Comfort Auto,2023,19 000,Automatic,Fair Price,R 219 990
Honda,Honda Fit,1.5 Hybrid E.hev,2026,1 500,Automatic,High Price,R 489 900
Honda,Honda Elevate,1.5 Elegance,2026,14,Automatic,Fair Price,R 379 900
Honda,Honda Amaze,1.2 Comfort Auto,2019,155 337,Automatic,Fair Price,R 149 900
Honda,Honda HR-V,1.8 Elegance,2020,109 107,Automatic,Great Price,R 249 900
Honda,Honda Civic,Sedan 1.5T RS,2026,1 500,Automatic,High Price,R 649 900
Honda,Honda HR-V,1.8 Elegance,2017,110 000,Automatic,Low Price,R 165 000
Honda,Honda Amaze,1.2 Trend,2024,45 662,Manual,Fair Price,R 199 995
Honda,Honda Amaze,1.2 Trend,2022,67 901,Manual,Great Price,R 159 900
Honda,Honda CR-V,2.0 Comfort,2019,85 508,Automatic,Low Price,R 184 700
Honda,Honda Fit,1.5 Elegance,2026,1 500,Automatic,Fair Price,R 369 900
Honda,Honda Elevate,1.5 Comfort,2026,1 500,Manual,Fair Price,R 329 900
Honda,Honda Fit,1.5 Elegance,2021,71 802,Automatic,Fair Price,R 249 900
Honda,Honda Brio,Amaze Sedan 1.2 Comfort,2018,70 000,Manual,No Rating,R 129 999
Honda,Honda HR-V,1.5 Elegance,2026,1 500,Automatic,Great Price,R 489 900
Honda,,,,,,Fair Price,
Honda,,,,,,Fair Price,
Honda,,,,,,Fair Price,
Honda,Honda Amaze,1.2 Trend,2026,1 500,Manual,Great Price,R 237 900
Honda,Honda Amaze,1.2 Comfort Auto,2026,1 500,Automatic,Fair Price,R 279 900
Honda,Honda CR-V,1.5T Executive,2025,14 474,Automatic,No Rating,R 659 995
Honda,Honda Brio,Hatch 1.2 Comfort,2015,128 000,Manual,Great Price,R 89 999
Honda,Honda Amaze,1.2 Comfort Auto,2024,40 404,Automatic,Great Price,R 209 900
Honda,Honda Amaze,1.2 Comfort Auto,2026,1 500,Automatic,Great Price,R 274 000
Honda,Honda Amaze,1.2 Trend,2026,1 500,Manual,Great Price,R 237 000
Honda,Honda Brio,Hatch 1.2 Trend,2015,75 198,Manual,No Rating,R 109 900
Honda,Honda Jazz,1.5 Elegance Auto,2021,64 096,Automatic,Great Price,R 209 900
Honda,Honda CR-V,2.0 Comfort Auto,2017,124 846,Automatic,Fair Price,R 239 900
Honda,,,,,,Fair Price,
Honda,,,,,,High Price,
Honda,,,,,,Fair Price,
Honda,Honda WR-V,1.2 Comfort,2022,51 739,Manual,Great Price,R 179 990
Honda,ined,,unde,,,,
Honda,Honda HR-V,1.5 Elegance,2026,1 500,Automatic,Great Price,R 489 900
Honda,Honda Jazz,1.5 Dynamic,2016,196 000,Manual,No Rating,R 129 950
Honda,Honda HR-V,1.5 Elegance,2026,1 500,Automatic,Great Price,R 489 900
Honda,Honda Amaze,1.2 Comfort Auto,2026,1 500,Automatic,Great Price,R 274 900
Honda,Honda HR-V,1.8 Elegance,2015,76 227,Automatic,No Rating,R 219 900
Honda,Honda Fit,1.5 Elegance,2025,9 000,Automatic,High Price,R 389 900
Honda,Honda Elevate,1.5 Elegance,2026,1 500,Automatic,Great Price,R 374 900
Honda,Honda Amaze,1.2 Comfort,2025,600,Manual,Low Price,R 145 000
Honda,Honda Amaze,1.2 Comfort Auto,2026,Automa,Petrol,No Rating,R 249 800
Honda,Honda Amaze,1.2 Comfort Auto,2026,Automa,Petrol,No Rating,R 249 800
Honda,Honda Jazz,1.2 Comfort Auto,2018,55 000,Automatic,Fair Price,R 199 900
Honda,Honda WR-V,1.2 Comfort,2022,76 000,Manual,Great Price,R 189 900
Honda,Honda Brio,Hatch 1.2 Comfort Auto,2019,77 000,Automatic,Fair Price,R 162 950
Honda,Honda WR-V,1.2 Comfort,2022,33 754,Manual,Fair Price,R 229 995
Honda,,,,,,No Rating,
Honda,,,,,,Great Price,
Honda,,,,,,Great Price,
Honda,Honda Amaze,1.2 Comfort Auto,2019,168 072,Automatic,Low Price,R 129 900
Honda,Honda Brio,Hatch 1.2 Comfort Auto,2018,59 000,Automatic,High Price,R 169 900
Honda,Honda CR-V,2.0 Elegance,2019,120 000,Automatic,Low Price,R 209 999
Honda,Honda BR-V,1.5 Comfort,2021,79 000,Manual,No Rating,R 210 000
Honda,Honda Civic,Sedan 1.8 Executive,2016,24 863,Manual,No Rating,R 169 900
Honda,Honda Amaze,1.2 Comfort Auto,2024,47 050,Automatic,Fair Price,R 219 900
Honda,Honda Brio,Hatch 1.2 Comfort,2015,55 083,Manual,Fair Price,R 109 700
Honda,Honda Fit,1.5 Elegance,2023,45 548,Automatic,Low Price,R 247 000
Honda,Honda Amaze,1.2 Trend,2024,32 000,Manual,Fair Price,R 199 900
Honda,Honda Fit,1.5 Elegance,2026,10 753,Automatic,Low Price,R 314 900
Honda,,,,,,Low Price,
Honda,,,,,,Low Price,
Honda,,,,,,Low Price,
Honda,Honda Fit,1.5 Comfort,2021,69 786,Automatic,Fair Price,R 219 900
Honda,Honda WR-V,1.2 Elegance,2022,25 000,Manual,Low Price,R 159 995
Honda,Honda Fit,1.5 Elegance,2021,75 000,Automatic,Great Price,R 229 995
Honda,Honda CR-V,2.0 Elegance Auto,2016,98 000,Automatic,Fair Price,R 249 900
Honda,ined,,unde,,,,
Honda,Honda Amaze,1.2 Trend,2025,39 348,Manual,Fair Price,R 207 995
Honda,Honda HR-V,1.8 Elegance,2018,65 500,Automatic,Fair Price,R 249 900
Honda,Honda CR-V,2.0 Elegance,2018,143 000,Automatic,Great Price,R 249 995
Honda,Honda Amaze,1.2 Comfort Auto,2025,10 000,Automatic,Fair Price,R 249 900
Honda,Honda Amaze,1.2 Trend,2024,41 473,Manual,Fair Price,R 209 900
Honda,Honda CR-V,2.0 Comfort Auto,2015,195 627,Automatic,No Rating,R 189 995
Honda,Honda CR-V,2.0 Elegance,2019,89 000,Automatic,Great Price,R 248 999
Honda,Honda Elevate,1.5 Elegance,2025,14 600,Automatic,Low Price,R 339 900
Honda,Honda Civic,Sedan 1.5T RS,2022,69 000,Automatic,High Price,R 449 900
Honda,Honda Ballade,1.5 Executive Auto,2020,32 921,Automatic,No Rating,R 239 900
Honda,Honda Fit,1.5 Hybrid E.hev,2025,32 000,Automatic,Fair Price,R 369 900
Honda,,,,,,High Price,
Honda,,,,,,Fair Price,
Honda,,,,,,Fair Price,
Honda,Honda Civic,Type R,2016,95 000,Manual,No Rating,R 449 999
Honda,Honda HR-V,1.5 Comfort,2019,125 320,Automatic,Fair Price,R 219 995
Honda,Honda Amaze,1.2 Comfort Auto,2025,12 159,Automatic,Fair Price,R 249 900
Honda,Honda Elevate,1.5 Elegance,2026,Automa,Petrol,No Rating,R 379 800
Honda,Honda Elevate,1.5 Comfort,2026,1 500,Manual,Great Price,R 309 900
Honda,Honda Elevate,1.5 Elegance,2026,Automa,Petrol,No Rating,R 379 800
Honda,Honda Fit,1.5 Comfort,2026,1 500,Automatic,Fair Price,R 319 900
Honda,Honda Brio,Amaze Sedan 1.2 Comfort Auto,2016,121 000,Automatic,No Rating,R 74 999
Honda,Honda CR-V,2.0 Elegance Auto,2015,87 000,Automatic,No Rating,R 190 000
Honda,Honda WR-V,1.2 Elegance,2022,83 887,Manual,Fair Price,R 209 900
Honda,,,,,,Fair Price,
Honda,,,,,,Fair Price,
Honda,,,,,,Great Price,
Honda,ined,,unde,,,,
Honda,Honda Amaze,1.2 Comfort,2025,1 000,Manual,No Rating,R 149 900
Honda,Honda Jazz,1.5 Elegance Auto,2021,61 333,Automatic,Fair Price,R 256 995
Honda,Honda WR-V,1.2 Comfort,2021,62 000,Manual,Fair Price,R 199 900
Honda,Honda Civic,Sedan 1.5T RS,2022,57 656,Automatic,High Price,R 439 900
Honda,Honda HR-V,1.5 Elegance,2026,1 500,Automatic,Great Price,R 489 900
Honda,Honda Civic,Sedan 1.5T RS,2026,1 500,Automatic,Fair Price,R 599 900
Honda,Honda Amaze,1.2 Comfort Auto,2025,8 000,Automatic,Fair Price,R 239 900
Honda,Honda Ballade,1.5 RS,2024,22 966,Automatic,No Rating,R 319 990
Honda,Honda BR-V,1.5 Comfort Auto,2019,66 471,Automatic,Fair Price,R 219 900
Honda,Honda Ballade,1.5 Trend,2020,90 000,Manual,Great Price,R 159 900
Honda,Honda WR-V,1.2 Comfort,2023,52 962,Manual,Fair Price,R 229 900
Honda,Honda Ballade,1.5 Trend,2020,108 000,Manual,Great Price,R 169 000
Honda,Honda HR-V,1.5 Elegance,2026,1 500,Automatic,Great Price,R 489 900
Honda,Honda Elevate,1.5 Elegance,2026,1 500,Automatic,Great Price,R 374 900
Honda,Honda Fit,1.5 Hybrid E.hev,2026,1 500,Automatic,High Price,R 544 900
Honda,,,,,,No Rating,
Honda,,,,,,No Rating,
Honda,,,,,,Great Price,
Honda,Honda Ballade,1.5 RS,2021,96 900,Automatic,Fair Price,R 279 900
Honda,Honda Elevate,1.5 Elegance,2026,1 500,Automatic,Great Price,R 374 900
Honda,Honda Elevate,1.5 Elegance,2026,1 500,Automatic,Great Price,R 374 900
Honda,Honda Elevate,1.5 Elegance,2026,1 500,Automatic,Great Price,R 374 900
Honda,Honda Elevate,1.5 Elegance,2026,1 500,Automatic,Great Price,R 374 900
Honda,Honda WR-V,1.2 Elegance,2024,24 049,Manual,Fair Price,R 259 900
Honda,Honda Amaze,1.2 Comfort Auto,2026,8 251,Automatic,Fair Price,R 254 800
Honda,Honda Elevate,1.5 Elegance,2026,Automa,Petrol,No Rating,R 379 800
Honda,Honda Elevate,1.5 Elegance,2026,Automa,Petrol,No Rating,R 379 800
Honda,ined,,unde,,,,
Honda,Honda Amaze,1.2 Trend,2026,15 714,Manual,Fair Price,R 229 900
Honda,,,,,,Great Price,
Honda,,,,,,Low Price,
Honda,,,,,,Low Price,
Honda,Honda Jazz,1.2 Trend,2017,92 550,Manual,High Price,R 169 900
Honda,Honda Amaze,1.2 Trend,2024,45 117,Manual,Fair Price,R 194 900
Honda,Honda Fit,1.5 Elegance,2026,1 500,Automatic,Great Price,R 339 900
Honda,Honda Amaze,1.2 Trend,2026,1 500,Manual,Great Price,R 237 900
Honda,Honda Amaze,1.2 Comfort,2026,1 500,Manual,High Price,R 439 900
Honda,Honda Amaze,1.2 Trend,2026,1 500,Manual,Great Price,R 237 900
Honda,Honda CR-V,1.5T Executive,2025,32 893,Automatic,No Rating,R 659 995
Honda,Honda Civic,Sedan 1.8 Executive Auto,2016,175 346,Automatic,No Rating,R 129 900
Honda,Honda Elevate,1.5 Elegance,2026,1 500,Automatic,Great Price,R 374 900
Honda,Honda Elevate,1.5 Elegance,2026,2 000,Automatic,Great Price,R 364 900
Honda,Honda Amaze,1.2 Comfort Auto,2026,1 500,Automatic,Fair Price,R 289 900
Honda,Honda HR-V,1.8 Elegance,2017,134 000,Automatic,Fair Price,R 229 000
Honda,Honda Elevate,1.5 Comfort,2026,1 500,Manual,Great Price,R 309 900
Honda,Honda Mobilio,1.5 Comfort,2016,123 172,Manual,No Rating,R 159 900
Honda,Honda Amaze,1.2 Comfort Auto,2024,61 118,Automatic,Low Price,R 169 999
Honda,,,,,,No Rating,
Honda,,,,,,Fair Price,
Honda,,,,,,Fair Price,
Honda,Honda Elevate,1.5 Comfort,2026,1 500,Manual,Fair Price,R 329 900
Honda,Honda Elevate,1.5 Comfort,2026,1 500,Manual,Fair Price,R 329 900
Honda,Honda Civic,Sedan 1.8 Elegance,2020,157 000,Automatic,No Rating,R 239 950
Honda,Honda Elevate,1.5 Comfort,2026,1 500,Manual,Fair Price,R 329 900
Honda,Honda Ballade,1.5 RS,2022,72 000,Automatic,Fair Price,R 289 900
Honda,Honda CR-V,1.5T Executive,2025,13 000,Automatic,No Rating,R 679 900
Honda,Honda Amaze,1.2 Comfort Auto,2026,3 500,Automatic,Fair Price,R 272 900
Honda,Honda Elevate,1.5 Elegance,2026,1 500,Automatic,Great Price,R 374 000
Honda,ined,,unde,,,,
Honda,Honda BR-V,1.5 Comfort Auto,2018,144 000,Automatic,Fair Price,R 189 999
Honda,Honda Elevate,1.5 Elegance,2026,1 500,Automatic,High Price,R 399 900
Honda,,,,,,Fair Price,
Honda,,,,,,Great Price,
Honda,,,,,,High Price,
Honda,Honda HR-V,1.5 Elegance,2026,1 000,Automatic,Fair Price,R 499 900
Honda,Honda Amaze,1.2 Trend,2025,2 200,Manual,Great Price,R 227 900
Honda,Honda CR-V,2.0 Elegance Auto,2015,103 000,Automatic,No Rating,R 209 900
Honda,Honda Amaze,1.2 Comfort Auto,2026,3 200,Automatic,Fair Price,R 276 900
Honda,Honda Amaze,1.2 Comfort Auto,2026,1 500,Automatic,High Price,R 297 100
Honda,Honda Fit,1.5 Comfort,2026,1 500,Automatic,High Price,R 339 900
Honda,Honda Amaze,1.2 Comfort,2026,1 500,Manual,Fair Price,R 276 900
Honda,Honda Elevate,1.5 Elegance,2025,7 500,Automatic,Fair Price,R 359 900
Honda,Honda Fit,1.5 Elegance,2026,1 500,Automatic,Fair Price,R 359 900
Honda,Honda Brio,Amaze Sedan 1.2 Comfort,2016,140 000,Manual,No Rating,R 119 900
Honda,Honda Fit,1.5 Elegance,2025,23 526,Automatic,Fair Price,R 309 899
Honda,Honda Elevate,1.5 Elegance,2026,6 200,Automatic,Fair Price,R 369 900
Honda,Honda Amaze,1.2 Trend,2026,4 700,Manual,Great Price,R 234 900
Honda,Honda Amaze,1.2 Trend,2026,4 258,Manual,Great Price,R 234 900
Honda,Honda Amaze,1.2 Trend,2026,1 750,Manual,High Price,R 269 900
Honda,,,,,,Great Price,
Honda,,,,,,Fair Price,
Honda,,,,,,No Rating,
Honda,Honda Elevate,1.5 Comfort,2025,3 250,Manual,Fair Price,R 299 900
Honda,Honda Fit,1.5 Elegance,2026,1 500,Automatic,Fair Price,R 339 900
Honda,Honda Amaze,1.2 Comfort,2023,78 000,Manual,Fair Price,R 199 900
Honda,Honda Jazz,1.2 Trend,2020,146 000,Manual,High Price,R 209 900
Honda,Honda Elevate,1.5 Elegance,2026,1 500,Automatic,High Price,R 399 900
Honda,ined,,unde,,,,
Honda,Honda HR-V,1.5 Executive,2022,38 000,Automatic,Low Price,R 305 000
Honda,Honda Amaze,1.2 Comfort Auto,2026,1 500,Automatic,Fair Price,R 272 900
Honda,Honda Fit,1.5 Elegance,2025,27 100,Automatic,Fair Price,R 299 900
Honda,Honda Elevate,1.5 Elegance,2026,1 500,Automatic,High Price,R 399 900
Honda,Honda HR-V,1.5 Elegance,2025,1 500,Automatic,Fair Price,R 534 900
Honda,,,,,,No Rating,
Honda,,,,,,No Rating,
Honda,,,,,,No Rating,
Honda,Honda Fit,1.5 Comfort,2025,14 700,Automatic,Fair Price,R 309 995
Honda,Honda Amaze,1.2 Comfort Manual,2025,17 500,Manual,No Rating,R 244 900
Honda,Honda HR-V,1.5 Comfort,2016,165 000,Automatic,High Price,R 199 900
Honda,Honda Amaze,1.2 Comfort Auto,2025,3 150,Automatic,Fair Price,R 264 900
Honda,Honda Brio,Amaze Sedan 1.2 Comfort,2015,122 550,Manual,No Rating,R 129 995
Honda,Honda Fit,1.5 Elegance,2025,1 500,Automatic,High Price,R 389 990
Honda,Honda Fit,Hybrid,2025,1 500,Automatic,No Rating,R 399 900
Honda,Honda Amaze,1.2 Comfort Auto,2019,92 000,Automatic,Low Price,R 109 800
Honda,Honda Elevate,1.5 Elegance,2025,19 000,Automatic,Low Price,R 299 999
Honda,Honda Amaze,1.2 Comfort Auto,2022,90 000,Automatic,Great Price,R 166 999
Honda,Honda CR-V,2.0 Comfort Auto,2016,107 000,Automatic,Great Price,R 149 999
Honda,Honda Amaze,1.2 Comfort Auto,2022,89 000,Automatic,Low Price,R 157 999
Honda,Honda Amaze,1.2 Comfort Auto,2022,88 000,Automatic,Low Price,R 158 950
Honda,Honda HR-V,1.5 Comfort,2016,86 000,Automatic,Great Price,R 165 999
Honda,Honda Brio,Hatch 1.2 Comfort Auto,2016,89 000,Automatic,Low Price,R 91 999
Honda,,,,,,No Rating,
Honda,,,,,,No Rating,
Honda,,,,,,High Price,
Honda,Honda CR-V,2.0 Comfort Auto,2016,105 000,Automatic,Low Price,R 147 999
Honda,Honda Amaze,1.2 Comfort,2024,44 000,Manual,Great Price,R 158 000
Honda,Honda CR-V,2.0 Comfort Auto,2015,87 000,Automatic,Fair Price,R 185 999
Honda,ined,,unde,,,,
Honda,Honda CR-V,2.0 Elegance Auto,2016,87 400,Automatic,Low Price,R 139 000
Honda,Honda CR-V,2.0 Comfort Auto,2015,84 000,Automatic,Fair Price,R 185 000
Honda,Honda CR-V,2.0 Comfort Auto,2015,87 000,Automatic,No Rating,R 149 000
Honda,,,,,,Great Price,
Honda,,,,,,Great Price,
Honda,,,,,,Great Price,
Honda,,,,,,High Price,
Honda,,,,,,High Price,
Honda,,,,,,High Price,
Honda,Honda Amaze,1.2 Trend,2024,40 845,Manual,Great Price,R 194 500
Honda,Honda HR-V,1.8 Elegance,2021,131 000,Automatic,Great Price,R 269 900
Honda,Honda HR-V,1.8 Elegance,2016,152 111,Automatic,Great Price,R 189 995
Honda,Honda Amaze,1.2 Comfort Auto,2024,44 500,Automatic,Great Price,R 204 900
Honda,Honda Amaze,1.2 Trend,2024,42 112,Manual,Great Price,R 194 900
Honda,Honda HR-V,1.5 Comfort,2019,75 000,Automatic,Fair Price,R 249 900
Honda,Honda Civic,Sedan 1.8 Elegance,2017,259 700,Automatic,Great Price,R 129 900
Honda,Honda HR-V,1.8 Elegance,2016,112 000,Automatic,Great Price,R 199 990
Honda,Honda Amaze,1.2 Comfort Auto,2024,42 757,Automatic,Great Price,R 208 500
Honda,Honda WR-V,1.2 Elegance,2023,42 500,Manual,Great Price,R 219 895
Honda,,,,,,Fair Price,
Honda,,,,,,Great Price,
Honda,,,,,,High Price,
Honda,Honda CR-V,2.0 Comfort,2020,56 953,Automatic,Great Price,R 319 990
Honda,Honda Amaze,1.2 Comfort Auto,2024,43 100,Automatic,Fair Price,R 219 900
Honda,ined,,unde,,,,
Honda,Honda Amaze,1.2 Trend,2026,10 000,Manual,Fair Price,R 239 899
Honda,Honda CR-V,1.5T Executive AWD,2018,135 000,Automatic,No Rating,R 299 000
Honda,Honda HR-V,1.8 Elegance,2018,96 000,Automatic,Great Price,R 219 000
Honda,Honda Amaze,1.2 Trend,2025,40 000,Manual,Great Price,R 209 900
Honda,Honda Civic,Type R,2019,63 000,Manual,No Rating,R 699 900
Honda,Honda Amaze,1.2 Comfort Auto,2024,46 000,Automatic,Great Price,R 209 900
Honda,Honda Amaze,1.2 Comfort Auto,2024,46 000,Automatic,Great Price,R 209 900
Honda,Honda Amaze,1.2 Trend,2024,44 115,Manual,Fair Price,R 199 900
Honda,Honda BR-V,1.5 Trend,2023,25 132,Manual,No Rating,R 279 800
Honda,Honda Jazz,1.5 Elegance Auto,2021,88 400,Automatic,High Price,R 259 900
Honda,Honda Fit,1.5 Comfort,2026,105,Automatic,Fair Price,R 329 900
Honda,Honda CR-V,2.0 Elegance Auto,2015,209 000,Automatic,No Rating,R 169 000
Honda,Honda Amaze,1.2 Trend,2026,Man,Petrol,No Rating,R 232 900
Honda,,,,,,Great Price,
Honda,,,,,,Great Price,
Honda,,,,,,Fair Price,
Honda,Honda Amaze,1.2 Trend,2024,40 845,Manual,Great Price,R 194 500
Honda,Honda HR-V,1.8 Elegance,2021,131 000,Automatic,Great Price,R 269 900
Honda,ined,,unde,,,,
Honda,Honda HR-V,1.8 Elegance,2016,152 111,Automatic,Great Price,R 189 995
Honda,Honda Amaze,1.2 Comfort Auto,2024,44 500,Automatic,Great Price,R 204 900
Honda,Honda Amaze,1.2 Trend,2024,42 112,Manual,Great Price,R 194 900
Honda,Honda HR-V,1.5 Comfort,2019,75 000,Automatic,Fair Price,R 249 900
Honda,Honda Civic,Sedan 1.8 Elegance,2017,259 700,Automatic,Great Price,R 129 900
Honda,Honda HR-V,1.8 Elegance,2016,112 000,Automatic,Great Price,R 199 990
Honda,Honda Amaze,1.2 Comfort Auto,2024,42 757,Automatic,Great Price,R 208 500
Honda,Honda WR-V,1.2 Elegance,2023,42 500,Manual,Great Price,R 219 895
Honda,,,,,,Fair Price,
Honda,,,,,,Great Price,
Honda,,,,,,High Price,
Honda,Honda CR-V,2.0 Comfort,2020,56 953,Automatic,Great Price,R 319 990
Honda,Honda Amaze,1.2 Comfort Auto,2024,43 100,Automatic,Fair Price,R 219 900
Honda,Honda Amaze,1.2 Trend,2026,10 000,Manual,Fair Price,R 239 899
Honda,Honda CR-V,1.5T Executive AWD,2018,135 000,Automatic,No Rating,R 299 000
Honda,Honda HR-V,1.8 Elegance,2018,96 000,Automatic,Great Price,R 219 000
Honda,Honda Amaze,1.2 Trend,2025,40 000,Manual,Great Price,R 209 900
Honda,Honda Civic,Type R,2019,63 000,Manual,No Rating,R 699 900
Honda,Honda Amaze,1.2 Comfort Auto,2024,46 000,Automatic,Great Price,R 209 900
Honda,Honda Amaze,1.2 Comfort Auto,2024,46 000,Automatic,Great Price,R 209 900
Honda,Honda Amaze,1.2 Trend,2024,44 115,Manual,Fair Price,R 199 900
Honda,Honda BR-V,1.5 Trend,2023,25 132,Manual,No Rating,R 279 800
Honda,Honda Jazz,1.5 Elegance Auto,2021,88 400,Automatic,High Price,R 259 900
Honda,Honda Fit,1.5 Comfort,2026,105,Automatic,Fair Price,R 329 900
Honda,Honda CR-V,2.0 Elegance Auto,2015,209 000,Automatic,No Rating,R 169 000
Honda,Honda Amaze,1.2 Trend,2026,Man,Petrol,No Rating,R 232 900
Honda,,,,,,Fair Price,
Honda,,,,,,Fair Price,
Honda,,,,,,No Rating,
Honda,Honda Amaze,1.2 Trend,2024,40 845,Manual,Great Price,R 194 500
Honda,Honda HR-V,1.8 Elegance,2021,131 000,Automatic,Great Price,R 269 900
Honda,Honda HR-V,1.8 Elegance,2016,152 111,Automatic,Great Price,R 189 995
Honda,Honda Amaze,1.2 Comfort Auto,2024,44 500,Automatic,Great Price,R 204 900
Honda,Honda Amaze,1.2 Trend,2024,42 112,Manual,Great Price,R 194 900
Honda,Honda HR-V,1.5 Comfort,2019,75 000,Automatic,Fair Price,R 249 900
Honda,Honda Civic,Sedan 1.8 Elegance,2017,259 700,Automatic,Great Price,R 129 900
Honda,Honda HR-V,1.8 Elegance,2016,112 000,Automatic,Great Price,R 199 990
Honda,Honda Amaze,1.2 Comfort Auto,2024,42 757,Automatic,Great Price,R 208 500
Honda,Honda WR-V,1.2 Elegance,2023,42 500,Manual,Great Price,R 219 895
Honda,,,,,,Fair Price,
Honda,,,,,,Great Price,
Honda,,,,,,High Price,
Honda,Honda CR-V,2.0 Comfort,2020,56 953,Automatic,Great Price,R 319 990
Honda,Honda Amaze,1.2 Comfort Auto,2024,43 100,Automatic,Fair Price,R 219 900
Honda,Honda Amaze,1.2 Trend,2026,10 000,Manual,Fair Price,R 239 899
Honda,ined,,unde,,,,
Honda,Honda CR-V,1.5T Executive AWD,2018,135 000,Automatic,No Rating,R 299 000
Honda,Honda HR-V,1.8 Elegance,2018,96 000,Automatic,Great Price,R 219 000
Honda,Honda Amaze,1.2 Trend,2025,40 000,Manual,Great Price,R 209 900
Honda,Honda Civic,Type R,2019,63 000,Manual,No Rating,R 699 900
Honda,Honda Amaze,1.2 Comfort Auto,2024,46 000,Automatic,Great Price,R 209 900
Honda,Honda Amaze,1.2 Comfort Auto,2024,46 000,Automatic,Great Price,R 209 900
Honda,Honda Amaze,1.2 Trend,2024,44 115,Manual,Fair Price,R 199 900
Honda,Honda BR-V,1.5 Trend,2023,25 132,Manual,No Rating,R 279 800
Honda,Honda Jazz,1.5 Elegance Auto,2021,88 400,Automatic,High Price,R 259 900
Honda,Honda Fit,1.5 Comfort,2026,105,Automatic,Fair Price,R 329 900
Honda,Honda CR-V,2.0 Elegance Auto,2015,209 000,Automatic,No Rating,R 169 000
Honda,Honda Amaze,1.2 Trend,2026,Man,Petrol,No Rating,R 232 900
Honda,,,,,,Great Price,
Honda,,,,,,Fair Price,
Honda,,,,,,Great Price,
Honda,Honda Amaze,1.2 Trend,2024,40 845,Manual,Great Price,R 194 500
Honda,Honda HR-V,1.8 Elegance,2021,131 000,Automatic,Great Price,R 269 900
Honda,Honda HR-V,1.8 Elegance,2016,152 111,Automatic,Great Price,R 189 995
Honda,Honda Amaze,1.2 Comfort Auto,2024,44 500,Automatic,Great Price,R 204 900
Honda,Honda Amaze,1.2 Trend,2024,42 112,Manual,Great Price,R 194 900
Honda,Honda HR-V,1.5 Comfort,2019,75 000,Automatic,Fair Price,R 249 900
Honda,Honda Civic,Sedan 1.8 Elegance,2017,259 700,Automatic,Great Price,R 129 900
Honda,Honda HR-V,1.8 Elegance,2016,112 000,Automatic,Great Price,R 199 990
Honda,Honda Amaze,1.2 Comfort Auto,2024,42 757,Automatic,Great Price,R 208 500
Honda,Honda WR-V,1.2 Elegance,2023,42 500,Manual,Great Price,R 219 895
Honda,,,,,,Fair Price,
Honda,,,,,,Great Price,
Honda,,,,,,High Price,
Honda,Honda CR-V,2.0 Comfort,2020,56 953,Automatic,Great Price,R 319 990
Honda,Honda Amaze,1.2 Comfort Auto,2024,43 100,Automatic,Fair Price,R 219 900
Honda,ined,,unde,,,,
Honda,Honda Amaze,1.2 Trend,2026,10 000,Manual,Fair Price,R 239 899
Honda,Honda CR-V,1.5T Executive AWD,2018,135 000,Automatic,No Rating,R 299 000
Honda,Honda HR-V,1.8 Elegance,2018,96 000,Automatic,Great Price,R 219 000
Honda,Honda Amaze,1.2 Trend,2025,40 000,Manual,Great Price,R 209 900
Honda,Honda Civic,Type R,2019,63 000,Manual,No Rating,R 699 900
Honda,Honda Amaze,1.2 Comfort Auto,2024,46 000,Automatic,Great Price,R 209 900
Honda,Honda Amaze,1.2 Comfort Auto,2024,46 000,Automatic,Great Price,R 209 900
Honda,Honda Amaze,1.2 Trend,2024,44 115,Manual,Fair Price,R 199 900
Honda,Honda BR-V,1.5 Trend,2023,25 132,Manual,No Rating,R 279 800
Honda,Honda Jazz,1.5 Elegance Auto,2021,88 400,Automatic,High Price,R 259 900
Honda,Honda Fit,1.5 Comfort,2026,105,Automatic,Fair Price,R 329 900
Honda,Honda CR-V,2.0 Elegance Auto,2015,209 000,Automatic,No Rating,R 169 000
Honda,Honda Amaze,1.2 Trend,2026,Man,Petrol,No Rating,R 232 900
